,mention,first_correct,pred_dist,correct,pred,gold_cui,pred_cui,error_type
10,illappearing,-1,4,Looks ill,feeling empty,C0459686,C0557912,
19,airway observation,-1,5,Functional finding of respiratory tract (finding),oral airway observation,C0577917,C0457430,
21,xeroform,-1,9,Medical dressing (physical object),"xerography, nos",C0013119,C0043350,
24,serax,-1,3,Product containing oxazepam (medicinal product),styrax,C0029997,C0439989,
27,dermagraft tc,-1,12,"Artificial skin, device (physical object)",dermagran bc,C0206238,C2343545,
34,the derma graft,-1,11,"Artificial skin, device (physical object)",skin graft material,C0206238,C0181078,
39,serax,-1,3,Product containing oxazepam (medicinal product),styrax,C0029997,C0439989,
75,dorsum of forearm,-1,6,Structure of posterior surface of forearm,dorsum of hand,C0230356,C0230372,
78,intravenous fluids,2,8,Intravenous fluid,"administration of intravenous fluids, nos",C1289919,C0522792,
79,paralyzed,-1,7,Muscle paralysis,sedated,C0235062,C0235195,
84,crystalloid,-1,8,Saline,"urinary crystal, cholesterol",C0036082,C0522144,
86,distended,-1,2,Tumefaction,"distention, nos",C0038999,C0012359,
93,blood in the peritoneal cavity,1,3,Haemoperitoneum,fluid in peritoneal cavity,C0019065,C3665480,
95,suture,2,8,Surgical suture,suturing,C0038969,C0009068,
101,platelets,-1,7,Platelet product,platelet count - observation,C0443116,C0032181,
103,an intracranial pressure monitoring bolt,2,11,Intracranial pressure monitor,intracranial bolt monitoring,C0182380,C1275729,
105,intracranial pressures,2,7,Finding of intracranial pressure,intracranial pressure monitoring,C0576485,C0150260,
110,poor oxygenation,1,9,Oxygen saturation below reference range,impaired oxygen delivery,C0746961,C0342968,
116,a rise,1,7,Increase (qualifier value),blood pressure rise,C0442805,C0439776,
118,a rise,1,7,Increase (qualifier value),blood pressure rise,C0442805,C0439776,
125,cholecystostomy tubes,1,3,Cholecystostomy (procedure),cholecystogastrostomy,C0008339,C0193546,
141,paralyzed,-1,7,Muscle paralysis,sedated,C0235062,C0235195,
148,adaptic,-1,8,Non-adherent dressing,"adaptation, nos",C0180524,C0392673,
153,packing change,-1,9,Change of wound pack,crystalline macromolecule alteration,C0411805,C0545008,
160,abdominal irrigation,2,2,Irrigation of abdominal wall,bowel irrigation,C0405721,C0150154,
162,the septic state,3,2,Systemic infection,septic shock,C0243026,C0036983,
172,ruptured left renal vein,-1,3,Rupture of vein,injury of left renal vein,C0340773,C3507784,
177,gastrostomy tube,3,10,Placement of gastrostomy tube,"gastrostomy tube, device",C0744345,C0150595,
180,abdominal irrigation,2,2,Irrigation of abdominal wall,bowel irrigation,C0405721,C0150154,
191,chest tubes,-1,10,Chest drain,chest tube care,C0008034,C0455147,
219,grade ii  v,-1,4,Grade 2 on a scale of 0 to 5,grade ii out of iii,C1827397,C1828222,
225,blunt,1,8,Blunt injury,blunt impact,C0043253,C5439447,
236,vigorous,-1,5,Strong,vigorously,C0442821,C1690553,
242,fluid requirement,-1,5,Fluid balance finding,need for,C0578754,C0686904,
244,total body,-1,9,Entire total body,total body water measurement,C0229960,C0412472,
249,mesenteric vessels,-1,2,Structure of blood vessel of intestine,mesenteric artery structure,C0729930,C1281320,
252,intense,-1,6,Severe,strong,C0205082,C0442821,
254,drainage,1,8,Drainage - action,"drainage, nos",C0013103,C0012621,
256,quinton catheter,1,3,Quinton tube,"urinary catheter, device",C1283185,C0179802,
258,peritoneal,1,12,Peritoneal,"peritoneum, nos",C0442034,C0031153,
268,obviously,-1,2,Visible,markedly,C0205379,C0522501,
273,intense,-1,6,Severe,strong,C0205082,C0442821,
277,hyperdynamic,-1,3,Increased cardiac output,hyperdynamic circulation,C0085128,C2585422,
294,quinton catheter,1,3,Quinton tube,"urinary catheter, device",C1283185,C0179802,
301,staph,-1,7,Genus Staphylococcus,staphene,C0038170,C0310199,
316,peri  colace,-1,2,,peri-colace,C1971825,C0307257,
354,previous abdominal aortic aneurysm repair,-1,6,History of repair of aneurysm of abdominal aorta,recurrent abdominal aortic aneurysm,C1997125,C1282539,
355,benign prostatic hypertrophy,-1,2,,prostate: [benign hypertrophy] or [adenoma],C0005001,C1541730,
370,halcyon,-1,9,Halcion,cyanmethaemoglobin measurement,C0733624,C0523587,
383,distant heart sounds,-1,2,Heart sounds diminished,finding of heart sounds,C0425614,C0577816,
392,deep tendon reflexes,-1,3,Peripheral reflex finding,exaggeration of the deep reflexes,C1287940,C0151889,
419,cells,-1,5,Presence of cells,cell count,C0427850,C0007584,
420,the csf culture,3,2,Microbial culture of cerebrospinal fluid,culture,C0523175,C2242979,
427,abed pain,-1,7,Bedpan,pain-a-lay gargle,C0179263,C0722431,
453,up going,1,5,Up,up,C1282911,C0547043,
457,lung volumes,3,10,Measurement of lung volume,finding of dynamic lung volume,C0024129,C1287679,
458,opacities,1,8,Opacity,opacity,C1265876,C0029053,
459,bibasilar,-1,5,Base of lung,bifrontal,C0225704,C0445448,
468,p waves,-1,10,P wave feature,p wave - finding,C0429084,C1287075,
471,qwaves,-1,10,Q wave feature (observable entity),q wave - finding,C1305738,C1287077,
517,pedal pulses,-1,10,Pedal pulse,pedal pulse taking,C1706488,C0204687,
526,dorsal  pedal pulse,3,10,Pedal pulse,pedal pulse taking,C1706488,C0204687,
537,profunda superficial femoral vessels,-1,3,Structure of femoral vessel,structure of profunda femoris artery,C1116455,C0226455,
545,superficial femoral artery,1,3,Superficial femoral artery,superficial femoral vein structure,C0447106,C1301369,
567,lovestatin,2,2,Lovastatin-containing product,atorvastatin product,C0024027,C0286651,
572,his pulse exam,3,4,Pulse taking (procedure),examination of pulse,C0034107,C0558829,
592,25 st jude,-1,2,,insertion of jones dacryocystorhinostomy tube,C0182440,C1579562,
597,high oxygen requirement,-1,9,High concentration oxygen therapy,increased oxygen demand,C1278440,C0342970,
607,shunting,-1,5,Vascular shunt,"shunt, nos",C0232350,C0232180,
631,his pronestyl,-1,7,Procainamide-containing product,pronestyl measurement,C0033216,C0202457,
632,magnesium,2,7,Mg - Magnesium,magnesium measurement,C0024467,C0373675,
643,compressions,-1,9,Cardiopulmonary resuscitation,"compression, nos",C0007203,C0332459,
645,tamponade,3,8,"Tamponade, cardiac","tamponade, nos",C0007177,C0332459,
646,tamponade,3,8,"Tamponade, cardiac","tamponade, nos",C0007177,C0332459,
647,compressions,-1,9,Cardiopulmonary resuscitation,"compression, nos",C0007203,C0332459,
649,the patient aposs rhythm,-1,9,Cardiac rhythm type,observation of heart rhythm,C0232187,C0577801,
655,rhythm,-1,9,Cardiac rhythm type,finding of heart rhythm,C0232187,C0577801,
680,internal mammary artery,4,11,Internal mammary-coronary artery bypass graft,"internal mammary artery, nos",C1293394,C0226276,
681,left anterior descending artery and diagonal,-1,3,Distal portion of anterior descending branch of left coronary artery,structure of diagonal branch of anterior descending branch of left coronary artery,C0226034,C0226036,
691,filling pressures,-1,5,Atrial pressure,filling cystometry,C0428877,C0200000,
692,leftsided,1,4,Left sided (qualifier value),left,C0443246,C0205091,
700,underlying,-1,2,Latent,involving,C0205275,C1314939,
703,belligerent behavior,-1,6,Hostile behavior,bell's phenomenon,C0020039,C0278216,
715,underlying,-1,2,Latent,involving,C0205275,C1314939,
724,oxygenation,-1,4,Oxygen therapy care,oxygen saturation measurement,C0184633,C0523807,
731,falling,-1,8,Decreasing (qualifier value),"fall, nos",C0442797,C0085639,
733,iv push,3,8,Administration of drug or medicament by intravenous push,intravenous push route,C2315982,C1319196,
736,underlying,-1,2,Latent,involving,C0205275,C1314939,
741,somomabodies,-1,12,Psammoma bodies,smab - smooth muscle antibody,C0391863,C0369998,
745,birch procedure,-1,5,Suspension of vagina,"procedure, nos",C0563527,C0184661,
750,a papanicolaou smear,2,2,Sampling of cervix for Papanicolaou smear done,papanicolaou smear,C0586316,C0079104,
751,somomabodies,-1,12,Psammoma bodies,smab - smooth muscle antibody,C0391863,C0369998,
756,her abnormal papanicolaou smear,3,2,Abnormal cervical smear,abnormal vaginal papanicolaou smear,C0476427,C2368179,
784,the patient aposs allergies,1,3,Allergy,allergy,C3539909,C0020517,
788,somomabodies,-1,12,Psammoma bodies,smab - smooth muscle antibody,C0391863,C0369998,
793,birch procedure,-1,5,Suspension of vagina,"procedure, nos",C0563527,C0184661,
818,recurrence,2,9,Recurrence (qualifier value),"recurrent disease, nos",C0034897,C0277556,
838,paratubal cysts,-1,3,Embryonic fimbrial cyst,parathyroid cyst,C0030584,C0342347,
843,fluid hydration,-1,10,Fluid management,hydration,C0553741,C1321013,
846,a gleason s iv  plus v tumor,-1,9,Gleason grade score 9 out of 10,"transplantation of seminal vesicle, nos",C0332334,C0195029,
851,fluid rehydration,1,6,Rehydration therapy,fluid resuscitation,C0034997,C0150238,
861,a recumbent blood pressure,-1,7,Lying blood pressure,recumbent body position,C0580944,C0444334,
866,unlabored,-1,5,Normal respiratory function,uninformed,C0231795,C0562357,
884,fluid rehydration,1,6,Rehydration therapy,fluid resuscitation,C0034997,C0150238,
902,the patient s fluid hydration,1,9,Fluid management,fluid volume alteration,C0553741,C2364164,
903,d5 onehalf normal saline,-1,7,Sodium chloride 0.45%/glucose 5% infusion solution bag (product),dcr - dacryocystorhinostomy,C0976266,C0010931,
904,k,2,6,K - Potassium,potassium measurement,C0032821,C0202194,
905,acuchecks,-1,8,Glucometer blood glucose,acyclovir [eyes],C0430032,C0001367,
907,d50,-1,6,glucose 500 MG/ML Oral Solution,ld 50-lethal dose 50,C0308817,C0023378,
910,iv hydration therapy,-1,3,Administration of intravenous fluids,intravenous (iv) therapy,C0522792,C0455142,
917,a magnesium,2,7,Magnesium level,magnesium product,C0373675,C0024467,
919,d5 onehalf normal,-1,15,Sodium chloride 0.45%/glucose 5% infusion solution bag (product),mbd - minimal brain dysfunction,C0976266,C1321905,
920,k,2,6,K - Potassium,potassium measurement,C0032821,C0202194,
925,a grossly enlarged liver,2,2,O/E - liver grossly enlarged,liver enlargement,C0436962,C0019209,
926,mylanta,-1,2,,dixlanta,C0067044,C0719978,
930,the foley,-1,3,Bladder catheterization,"procedure, nos",C1970989,C0184661,
946,fluid rehydrated,1,6,Rehydration therapy,fluid resuscitation,C0034997,C0150238,
954,acucheck,-1,9,Glucometer blood glucose,achromycin,C0430032,C0740484,
967,radical resection,1,4,Radical excision,radical gastrectomy,C0184918,C0565313,
970,partial pericardectomy,-1,5,Excision of part of pericardium,partial pancreatectomy,C2732807,C0161912,
973,mediastinal exploration,1,2,Endoscopic exploration of mediastinum,exploration of mediastinum,C0025065,C0198403,
978,duke aposs grade bii,-1,6,Modified Dukes stage B2,duke coronary artery disease score,C0205610,C0582804,
981,an increased level of cea,-1,2,High carcinoembryonic antigen level,elevated fibrinogen level,C2919160,C3853499,
983,a liver abnormality,-1,5,Imaging of liver abnormal,abnormal liver function test nos,C2711446,C0151766,
986,a rise,1,7,Increase (qualifier value),blood pressure rise,C0442805,C0439776,
1029,metastatic disease from the colon,-1,4,Metastasis from malignant tumor of colon,metastatic malignant neoplasm to colon,C1282500,C0346974,
1056,left superhilar region,-1,3,Perihilar region of left lung,structure of left axillary region,C0225738,C0230338,
1061,left suprahilar region,-1,5,Perihilar region of left lung,structure of left subareolar region,C0225738,C5229735,
1067,elevation,2,5,Elevation - value (qualifier value),high,C0702240,C0205250,
1068,chest tube,-1,9,Chest drain,insertion of chest tube,C0008034,C0189476,
1069,additional,1,5,Additional values,additional material,C0439062,C0449757,
1072,chest tube,-1,9,Chest drain,insertion of chest tube,C0008034,C0189476,
1075,en bloc resection,-1,5,Radical excision,en bloc osteotomy,C0184918,C1562203,
1076,median sternotomy with mediastinal exploration,-1,3,Incision and exploration mediastinum,median sternotomy,C0198403,C1282959,
1098,nonambulatory,-1,5,Unable to walk,non-weight-bearing,C0560046,C0445100,
1099,nonverbal,-1,10,Finding related to ability to use non-verbal communication,nonverbal learning disability,C1286705,C2732653,
1114,1 edema,-1,2,1+ pitting edema,"edema, nos",C1720243,C0013604,
1128,serum glutamic oxaloacetic transaminase,2,3,AST measurement,serum glutamic oxaloacetic transaminase (sgpt) - blood measurement,C0201899,C0428326,
1157,at the bases,-1,8,Base of lung,basal,C0225704,C0205112,
1173,pulses,1,9,Finding of peripheral pulse,pulse taking,C0577835,C0034107,
1178,inferior myocardial infarction,2,4,Acute inferior myocardial infarction,old inferior myocardial infarction,C0264700,C0340321,
1183,overnight oximetry saturation monitoring,1,2,Mini-sleep study,invasive oxygen saturation monitoring,C0430630,C0561879,
1189,high flow oxygen,-1,12,High flow oxygen nasal cannula,high concentration oxygen therapy,C1960097,C1278440,
1210,benzjones proteins,-1,9,Measurement of Bence Jones protein,benzoin - chemical,C0546672,C0005070,
1217,high flow oxygen,-1,12,High flow oxygen nasal cannula,high concentration oxygen therapy,C1960097,C1278440,
1221,distant heart sounds,-1,2,Heart sounds diminished,finding of heart sounds,C0425614,C0577816,
1227,pulsations,-1,4,Finding of pulsation of abdomen,palpitations nos,C0577147,C0030252,
1263,a cardiac index,4,10,Monitoring of cardiac output/cardiac index,cardiac index,C0204898,C0428776,
1277,pulmacort,-1,2,Pulmicort,pulmadil,C0678162,C0592020,
1278,serevent inhalers,-1,2,salmeterol Dry Powder Inhaler [Serevent],serevent inhalant product,C2723054,C3234607,
1291,alveolar,3,2,Pulmonary alveoli,structure of alveolar duct of lung,C0034051,C0225692,
1303,mildtomoderate,-1,6,Mild to moderate,dequalinium product,C1299392,C0011588,
1315,gradient,1,7,Cardiovascular pressure gradient,a-a gradient,C0428898,C0429685,
1317,gradient,1,7,Cardiovascular pressure gradient,a-a gradient,C0428898,C0429685,
1318,mean,1,6,Mean,mean pressure,C0444504,C0445074,
1327,descent,-1,8,Descending (qualifier value),foetal descent,C0205386,C0233221,
1334,diuresis,1,10,Urinary flow,induced diuresis,C0012797,C0445398,
1345,plaquing,-1,7,Patch,glatopa,C0332461,C4027077,
1352,ventilatory,-1,7,Ventilation finding [dup] (finding),"ventilation, nos",C1269535,C2945579,
1407,inr,-1,4,International normalized ratio,"procedure, nos",C0525032,C0184661,
1411,lachydrin,-1,2,Lac-Hydrin,kemadrin,C0721283,C0022550,
1413,tylenol  3,-1,2,acetaminophen 300 MG / codeine phosphate 30 MG Oral Tablet [Tylenol with Codeine],tylenol,C0874799,C0699142,
1451,inferior wall myocardial infarction,1,4,Acute inferior myocardial infarction,old inferior myocardial infarction,C0264700,C0340321,
1488,an s4,-1,8,Atrial gallop,procedure,C0425593,C0184661,
1489,s3,-1,6,"Third heart sound, S3",involving,C0232237,C1314939,
1491,calf tenderness,3,5,Pain in calf,edema of calf,C0236040,C2732546,
1511,mb s,1,10,Creatine kinase MB isoenzyme measurement (procedure),sb - stillbirth,C0523584,C0595939,
1517,bibasilar,-1,5,Base of lung,bifrontal,C0225704,C0445448,
1518,carotid,1,10,Carotid artery,carotid imaging,C0007272,C0203382,
1539,obtuse marginal 1,4,7,Structure of first obtuse marginal branch of circumflex branch of left coronary artery,obtuse margin,C0524434,C1305142,
1582,ashen,-1,5,Grey colour,ashd - atherosclerotic heart disease,C1269776,C0010054,
1612,the pulses,4,9,Pulse taking (procedure),observation of pulse rhythm,C0034107,C0577838,
1630,the ptca,1,6,Percutaneous transluminal coronary angioplasty,pca - patient controlled analgesia,C2936173,C0078944,
1635,this treadmill test,-1,9,Progressive exercise test on treadmill,"treadmill, device",C0430507,C0184069,
1642,the treadmill exercise test,-1,2,Progressive exercise test on treadmill,exercise tolerance test nos,C0430507,C0015260,
1646,these images,1,8,Imaging,image,C0011923,C3542466,
1647,medical management,-1,6,Management of compliance with medical regimen,medical therapy,C1444262,C0418981,
1655,status post anterior myocardial infarction,4,10,Old anterior myocardial infarction,status following coronary angioplasty nos,C0340320,C0587257,
1686,depressions,-1,7,Depression - motion,depressive disorder,C0460137,C0011581,
1696,pda,-1,8,Structure of posterior descending coronary artery,pda - patent ductus arteriosus,C2732720,C0013274,
1706,diabetic,1,9,Diabetes mellitus,diabetuss,C0011849,C0719864,
1711,bibasilarly,-1,5,Base of lung,bifrontal,C0225704,C0445448,
1728,rwave,4,10,R wave feature,r wave - finding,C0429091,C1287078,
1729,flipped twaves,-1,2,T wave inversion in EKG,flattened t wave,C0520888,C0429059,
1737,mb fraction,-1,12,Creatine kinase MB isoenzyme,creatine kinase mb measurement,C0010290,C0523584,
1746,first om,-1,7,Structure of first obtuse marginal branch of circumflex branch of left coronary artery,od - right eye,C0524434,C0229089,
1754,treadmill exercise test,-1,2,Progressive exercise test on treadmill,exercise tolerance test nos,C0430507,C0015260,
1764,moderate sized,4,5,Moderate,small,C0205081,C0700321,
1772,dip,-1,9,Decrease (qualifier value),type 1 dip,C0547047,C0429481,
1774,q,-1,7,Q wave - finding,evaluation procedure,C1287077,C1261322,
1775,v1,-1,6,Lead site V1,"procedure, nos",C0441907,C0184661,
1776,v2,-1,6,Lead site V2,"procedure, nos",C0441908,C0184661,
1777,ii,-1,6,Lead II,"procedure, nos",C0449213,C0184661,
1779,f,-1,6,aVF,procedure,C0449215,C0184661,
1782,ii,-1,6,Lead II,"procedure, nos",C0449213,C0184661,
1784,v5,-1,6,Lead site V5,procedure,C0449219,C0184661,
1785,v6,-1,6,Lead site V6,procedure,C0449220,C0184661,
1787,v1,-1,6,Lead site V1,"procedure, nos",C0441907,C0184661,
1788,lesions,1,8,Lesion -RETIRED-,multiple lesions,C0221198,C0577305,
1789,ii,-1,6,Lead II,"procedure, nos",C0449213,C0184661,
1795,tube feeds,1,9,Gavage,tube feeding diet,C0041281,C0311131,
1796,penicillins,1,10,Penicillin (substance),propicillin,C0030842,C0072176,
1801,hiv,-1,11,AIDS virus,hiv - human immunodeficiency virus infection,C0019682,C0019693,
1802,cd4 ct,-1,5,Cell count by CD antigen phenotype,ct - computerized tomography,C1294974,C0040405,
1806,duracef,-1,12,Cefadroxil-containing product,duradrin,C0007538,C0720081,
1807,script,-1,7,Prescription (procedure),script analysis,C0033080,C0204516,
1815,hiv,-1,11,AIDS virus,hiv - human immunodeficiency virus infection,C0019682,C0019693,
1817,h pylori,-1,10,Helicobacter pylori culture,h. pylori,C1294226,C0079488,
1821,erthyema,-1,4,Erythematous conditions NOS,erythraemia,C0041834,C0032463,
1823,minimal palpation,4,2,Superficial palpation,digital palpation,C0278327,C0199220,
1827,clinda,-1,13,Clindamycin [skin],clinda-guard,C0008947,C5209975,
1828,ancef,-1,5,ceFAZolin,"procedure, nos",C0007546,C0184661,
1829,ancef,-1,5,ceFAZolin,"procedure, nos",C0007546,C0184661,
1831,cd4 ct,-1,5,Cell count by CD antigen phenotype,ct - computerized tomography,C1294974,C0040405,
1832,bacitracin oint,1,2,bacitracin Topical Ointment,bacitracin ophthalmic ointment,C1245016,C1245017,
1837,ns,-1,5,Isotonic saline,involving,C0445115,C1314939,
1851,temperature,4,8,Increased body temperature,temperature taking,C0015967,C0204688,
1853,attending,-1,12,Attending physician,attended,C1320929,C1456498,
1865,swollen,1,6,Tumefaction,enlarged,C0038999,C0442800,
1868,seg,-1,4,"Segmented neutrophil count, blood (procedure)",antigen measurement,C0523107,C0430420,
1872,near total thyroidectomy,2,2,Bilateral subtotal thyroidectomy,"total thyroidectomy, nos",C0193790,C0193788,
1873,near total gastrectomy,2,2,Partial gastrectomy,total gastrectomy,C0030600,C0161899,
1887,near total thyroidectomy,2,2,Bilateral subtotal thyroidectomy,"total thyroidectomy, nos",C0193790,C0193788,
1920,a neart total gastrectomy,2,2,Partial gastrectomy,total gastrectomy,C0030600,C0161899,
1921,abdominal exploration,-1,2,Incision and exploration of abdominal wall,exploration of abdomen,C0405705,C0085704,
1927,dissected free,-1,13,Dissection - action,structure of free lower limb,C0012737,C3697294,
1949,billroth ii gastrojejunostomy,3,2,Resection of stomach with gastrojejunal anastomosis,roux-en-y gastrojejunostomy,C0192444,C0585179,
1950,retrocolic,1,11,Retrocolic tissue,retrocaecal,C0227372,C0475304,
1953,jejunostomy tube placement,2,9,Jejunostomy NOS,"jejunostomy tube, device",C0022377,C0879216,
1972,retrocolic,1,11,Retrocolic tissue,retrocaecal,C0227372,C0475304,
1973,billroth ii gastrojejunostomy,3,2,Resection of stomach with gastrojejunal anastomosis,roux-en-y gastrojejunostomy,C0192444,C0585179,
1974,gastrojejunostomy reconstruction,-1,2,Revision of gastrojejunostomy,roux-en-y gastrojejunostomy,C0192537,C0585179,
1977,jejunostomy,-1,6,Jejunostomy route,jejunostomy nos,C0595821,C0022377,
1990,white cells,2,9,Leukocyte,white blood cell count,C0023516,C0023508,
2016,ventilatory management,-1,5,Ventilator care management,ventilator care,C1444349,C0184634,
2023,an inferior vena cava filter,-1,7,Inferior vena cava filter in situ,insertion of inferior vena caval filter,C3494610,C0203024,
2024,lower extremity noninvasive studies,-1,4,Non-invasive study of peripheral vessel,imaging of lower extremity,C0199685,C4274915,
2025,high pressures,-1,9,High air pressure,high blood pressure,C0563294,C0020538,
2029,retroperitoneal collection,-1,2,Intra-abdominal collection,retroperitoneal mass,C0401020,C0267771,
2032,perforation,1,4,Perforation,"perforation, nos",C0549099,C0034117,
2035,a gastrojejunostomy,1,2,Bypass gastrojejunostomy,"esophagojejunostomy, nos",C0399839,C0192362,
2037,cholecystotomy tube,-1,11,Tube drain,cholecystogastrostomy,C0184114,C0193546,
2040,fluid resuscitation therapy,1,2,Resuscitation using intravenous fluid,fluid resuscitation,C2317423,C0150238,
2041,elevations,3,5,Elevation - value (qualifier value),high,C0702240,C0205250,
2050,his abdominal process,-1,6,Finding of abdomen,appendix disease nos,C3661974,C0267613,
2052,pneumoboots,-1,4,Intermittent pneumatic compression boot,pneumotachograph,C3494658,C0182334,
2054,critically ill,-1,3,"Patient status determination, critical",ill,C0184770,C0231218,
2055,drainage,1,8,Drainage - action,"drainage, nos",C0013103,C0012621,
2061,bloody drainage,1,2,Bloody discharge,bloody discharge,C0333271,C1305621,
2065,further intervention,-1,2,Referral to medical service,referral for further care,C0583980,C0420266,
2066,radiologic procedures,-1,4,Radiation therapy procedure or service,radiographic imaging procedure,C1522449,C1962945,
2074,underlying,-1,2,Latent,involving,C0205275,C1314939,
2089,dyssynchronous,-1,9,Asynchronous,interventricular dyssynchrony,C0439581,C3531870,
2091,auto,-1,4,Automated,"procedure, nos",C0205554,C0184661,
2092,substantial,-1,6,Significant (qualifier value),extensive,C0750502,C0205231,
2093,dead space,3,10,Dead space air,"anatomic dead space, nos",C0225388,C0231974,
2096,abdominal procedures,1,11,Procedure on abdomen,"abdomen, nos",C1292877,C0000726,
2110,physiology,-1,6,Clinical physiology,physiologic measurement,C1274036,C0199213,
2112,underlying,-1,2,Latent,involving,C0205275,C1314939,
2114,dysfunction,-1,6,Abnormal (modifier) [Ambiguous],"dysfunction, nos",C0205161,C0277785,
2115,appropriate,-1,10,Drug formulation appropriate,inappropriate,C1319485,C3542467,
2117,heparinization,3,9,Heparin therapy,heparin,C0522794,C0019134,
2119,electrolyte abnormalities,2,7,Electrolyte imbalance (disorder),electrolytes abnormal,C0342579,C0151613,
2120,retroperitoneal fluid,-1,9,Intra-abdominal collection,"retroperitoneum, nos",C0401020,C0035359,
2128,volume,1,5,Volume (property) (qualifier value),volumetry,C0449468,C0436188,
2129,persistently,-1,5,Chronic persistent,continuous,C0332217,C0549178,
2131,bicarbonate,1,9,HCO3 - Bicarbonate,bicarbonate measurement,C0005367,C0202059,
2132,replenishment,-1,4,Restore - action,blood replenisher,C1283255,C0456388,
2135,incision,3,6,Operative incision,"incision, nos",C3543005,C0184898,
2148,cspine surgery,1,3,Surgical procedure on cervical spine,cricoidectomy,C1997463,C0189228,
2152,monoparesis of the left upper extremity,1,2,Weakness of left arm,monoplegia of left upper limb,C2202995,C4542937,
2173,his temperatureis,2,9,Temperature taking (procedure),thelitis,C0204688,C0948072,
2175,rate,-1,5,Pulse taking (procedure),rate measurement,C0034107,C0201785,
2185,his hip flexion,-1,12,Range of hip flexion - finding,range of hip flexion,C1288079,C0576003,
2186,extension,-1,9,Range of hip extension - finding,"extension, nos",C1288084,C0231448,
2187,knee flexion,3,4,Range of knee flexion - finding,flexion deformity of knee,C1288105,C0581324,
2188,knee extension,3,13,Range of knee extension - finding,range of knee extension,C1288108,C0576106,
2189,knee flexion,3,4,Range of knee flexion - finding,flexion deformity of knee,C1288105,C0581324,
2193,laboratory data,3,3,Laboratory data interpretation,"laboratory test, nos",C0262707,C0022885,
2203,air space disease,3,5,Disease of lung,compressed air disease nos,C0024115,C0011119,
2206,a stroke syndrome,4,2,Cerebellar stroke syndrome,"stroke, nos",C0451672,C0038454,
2207,hemodynamic changes,4,8,Hemodynamic instability,hemodynamic measurements,C0948268,C0204901,
2212,multiple lacunes,2,7,Multiple lacunar infarcts,multiple calculi,C0585229,C1265741,
2218,hypertensive therapy,4,8,On treatment for hypertension,antihypertensive therapy,C0578998,C0585941,
2220,neosynephrine,1,9,Neo-Synephrine,norsynephrine,C0702190,C0028403,
2224,a field deficit,1,4,Visual field defect,neurologic deficit,C3887875,C0521654,
2225,the management of po intake,-1,9,Modification of schedule of oral intake,management of alcohol intake,C3853099,C3714402,
2226,his blood pressure therapy,2,4,Blood pressure monitoring (procedure),blood pressure taking,C0026426,C0005824,
2229,dwi images,-1,10,Diffusion weighted magnetic resonance imaging (procedure),image,C0598801,C3542466,
2231,hypertensive therapy,4,8,On treatment for hypertension,antihypertensive therapy,C0578998,C0585941,
2234,inr,-1,4,International normalized ratio,"procedure, nos",C0525032,C0184661,
2238,erythromycin eye ointment,-1,2,erythromycin Ophthalmic Ointment [Ilotycin],erythromycin ophthalmic ointment,C0306442,C1246107,
2260,flex,1,8,Flexion (function),flexion test,C0231452,C1627359,
2276,st,-1,6,ST segment - finding,std - sexually transmitted disease,C1287081,C0036916,
2284,ophthalmic siphon systems,-1,3,Structure of ophthalmic segment of internal carotid artery,structure of carotid siphon,C3697273,C0226162,
2293,sensory findings,-1,7,Sensory nervous system finding,"sensory testing, nos",C1291731,C0200116,
2300,demarcation,-1,9,Finding of difference in border definition compared to previous radiologic examination,defining relationship,C2711343,C3645632,
2309,right posterior tibialis,-1,12,O/E - post-tibial pulse - R,structure of right posterior tibial artery,C0555718,C0226474,
2310,left posterior tibialis,-1,12,O/E - post tibial pulse - L,structure of left posterior tibial artery,C0555722,C0226475,
2347,her jp,-1,10,Jackson - Pratt drain,on examination - jvp,C1272738,C0558494,
2362,r wave,2,10,R wave feature,r wave - finding,C0429091,C1287078,
2379,meningoma,-1,2,Intracranial meningioma,"meningioma, nos",C0349604,C1762616,
2383,protonics,-1,7,Protonix,physiologic measurement,C0876139,C0199213,
2390,pulsatile pulse volume recordings,4,10,Pulse volume recorder pneumoplethysmography,pulse volume - finding,C0430492,C1287728,
2392,an endo leak,1,7,Persistent flow of blood into stent graft region (disorder),oesophageal anastomotic leak,C1504464,C0341563,
2397,graft kinking,4,5,Vascular graft twisting,kinking of transplanted vein,C0340897,C0340765,
2400,incision checks,-1,5,Incision care assessment,incision care,C1161194,C0150258,
2409,acute,-1,4,Acute phase,acute onset,C0439557,C1276802,
2412,h pylori,-1,10,Microbial identification test,h. pylori,C0201052,C0079488,
2416,pedal pulses,-1,10,Pedal pulse,pedal pulse taking,C1706488,C0204687,
2421,neosynephrine,1,9,Neo-Synephrine,norsynephrine,C0702190,C0028403,
2424,vagal tone,-1,8,Sinus arrhythmia,vagus nerve autonomic function,C0003813,C0234326,
2428,pauses,-1,6,Sinus arrest,finding of electrocardiogram pr interval,C0541782,C0429087,
2469,an s4,-1,8,Atrial gallop,procedure,C0425593,C0184661,
2478,polys,-1,2,Polymorphonuclear leukocyte count,measurement,C1271714,C0242485,
2513,discharge,3,7,Patient discharge,"discharge, nos",C0030685,C0012621,
2522,staph,-1,7,Genus Staphylococcus,staphene,C0038170,C0310199,
2525,additional,1,5,Additional values,additional material,C0439062,C0449757,
2526,insulin coverage,-1,3,Insulin regime,antibiotic coverage,C0557978,C0282638,
2539,tube feeds,1,9,Gavage,tube feeding diet,C0041281,C0311131,
2540,maaloxtablets quick dissolve  chewable,-1,2,calcium carbonate Chewable Tablet [Maalox Quick Dissolve],maalox quick dissolve chewable product,C1243745,C3467262,
2541,drain outputs,2,10,Fluid output from drain - finding,measurement of output from drain,C1287888,C2919873,
2550,episodic vertigo,1,2,Episodic recurrent vertigo,epileptic vertigo,C0395932,C0422855,
2564,avalox,2,2,Avelox,aggrenox,C0875968,C0732282,
2570,episodic vertigo,1,2,Episodic recurrent vertigo,epileptic vertigo,C0395932,C0422855,
2572,meds,-1,3,Drug therapy,"procedure, nos",C0013216,C0184661,
2581,jvd,-1,4,Distention of jugular vein,cvd,C1167958,C0007222,
2582,lad,-1,12,Enlargement of lymph nodes,structure of lad (left anterior descending) artery,C0497156,C0226032,
2583,m,-1,6,Murmur,evaluation,C0018808,C1261322,
2584,nt,-1,4,Non-tender,involving,C0520960,C1314939,
2586,incision,3,6,Operative incision,"incision, nos",C3543005,C0184898,
2591,ivf,-1,7,Intravenous fluid,administration of substance via intravenous route,C1289919,C2317349,
2595,his abdominopelvic fluid collection,1,3,Fluid-filled abdominal cavity,abdominopelvic abscess,C0685931,C0267759,
2602,chest pt,-1,6,Physiotherapy of chest,chest ct,C0199467,C0202823,
2604,sips,3,10,Does sip drink,taking sips of fluid,C0566301,C0582129,
2605,clears,-1,5,Clear liquid diet,procedure,C2184084,C0184661,
2610,sc heparin,1,8,Subcutaneous injection of heparin,subcutaneous heparin,C0729968,C0353681,
2620,ngtd,-1,7,No growth,std - sexually transmitted disease,C0445119,C0036916,
2621,cdiff,-1,11,Clostridium difficilis,diff. white cell count nos,C0079134,C0162401,
2624,temp,-1,4,Temperature taking (procedure),evaluation,C0204688,C1261322,
2626,incision,3,6,Operative incision,"incision, nos",C3543005,C0184898,
2633,ir,-1,2,Interventional radiology,procedure,C0344093,C0184661,
2634,drainage,1,8,Drainage - action,"drainage, nos",C0013103,C0012621,
2640,fu,-1,2,Follow-up encounter,procedure,C0849584,C0184661,
2642,bl,-1,4,Both,involving,C0238767,C1314939,
2643,collection in the rlq,-1,8,Intra-abdominal collection,rq - respiratory quotient,C0401020,C0429702,
2644,rlq,-1,11,Right lower quadrant of abdomen,rq - respiratory quotient,C0230178,C0429702,
2645,ir,-1,2,Interventional radiology,procedure,C0344093,C0184661,
2646,drainage,1,8,Drainage - action,"drainage, nos",C0013103,C0012621,
2648,r,-1,6,Pericardial friction sound,involving,C0232267,C1314939,
2650,ir,-1,2,Interventional radiology,procedure,C0344093,C0184661,
2652,drainage catheter,-1,7,Body aspiration/drainage device,"urinary catheter, device",C3873871,C0179802,
2655,fluid collection,-1,6,Fluid-filled abdominal cavity,specimen collection,C0685931,C0200345,
2663,r,-1,6,Respiratory crackles,involving,C0034642,C1314939,
2665,r,-1,7,Rhonchus,involving,C0035508,C1314939,
2668,protuberant,2,8,Protrusion,proguanil product,C0333056,C0008241,
2670,to the r,-1,5,To the right,involving,C0546911,C1314939,
2676,drainage,1,8,Drainage - action,"drainage, nos",C0013103,C0012621,
2677,fluid collection,-1,7,Fluid,specimen collection,C1704353,C0200345,
2678,ir,-1,2,Interventional radiology,procedure,C0344093,C0184661,
2684,ir,-1,2,Interventional radiology,procedure,C0344093,C0184661,
2744,allergic,1,3,Allergy,allergy,C3539909,C0020517,
2745,penicillin,-1,2,,propicillin,C0220892,C0072176,
2766,the pathology report,-1,8,General pathology NOS,pathology report,C0420637,C0807321,
2778,tube feedings,1,9,Gavage,tube feeding diet,C0041281,C0311131,
2782,intermittently febrile,1,2,"Periodic fever, not disease",febrile,C0277799,C0015967,
2787,aminoglycoside toxicity,-1,5,Nephropathy induced by aminoglycoside,aminoglycosides adverse reaction,C3875535,C0570035,
2813,a tpiece in her trachea,-1,2,Insertion of tracheal T-tube,trachea implantation,C0396631,C1293345,
2821,gastric interposition,-1,3,Gastric pull-up,interposition of ileum,C0399642,C0399967,
2830,primary cancer,4,6,"Neoplasm, malignant (primary)","primary disease, nos",C1306459,C0277554,
2851,gastric interposition,-1,3,Gastric pull-up,interposition of ileum,C0399642,C0399967,
2855,generalized slowing,-1,6,Generalized slow spike wave (less than three per second),generalized edema,C0474723,C0151603,
2871,air space disease,-1,6,Alveolar pneumopathy,compressed air disease nos,C0264502,C0011119,
2879,chest tube,-1,9,Chest drain,insertion of chest tube,C0008034,C0189476,
2884,chest tube,-1,9,Chest drain,insertion of chest tube,C0008034,C0189476,
2894,intubation and inability to wean,-1,5,Weaning from mechanically assisted ventilation not achieved,difficult intubation,C1301666,C0549401,
2914,peep,-1,12,"Positive end expiratory pressure ventilation therapy, initiation and management",peep - positive end expiratory pressure,C0419023,C3494516,
2917,distended,-1,2,Tumefaction,"distention, nos",C0038999,C0012359,
2923,organisms,-1,5,Living organism,organism count,C0029235,C0369761,
2928,manipulation of the tracheal tube,-1,4,Tracheal tube fixation,insertion of tracheal t-tube,C1301912,C0396631,
2929,the air leak,1,11,Air leaking from lung,air leakage,C2242512,C0333257,
2933,the steroids,-1,8,Administration of steroid,steroid,C0149783,C0038317,
2934,anticandida regimen,1,3,Antifungal therapy,therapeutic regimen,C0678026,C1276413,
2938,wegner aposs,-1,5,Wegener granulomatosis,wegner's disease,C3495801,C0275865,
2951,polys,-1,7,PMN cell,measurement,C0027950,C0242485,
2952,air leak,1,11,Air leaking from lung,air leakage,C2242512,C0333257,
2953,alveolar,3,2,Pulmonary alveoli,structure of alveolar duct of lung,C0034051,C0225692,
2958,trach,-1,9,Tracheostomy op.,"trachea, nos",C0040590,C0040578,
2963,exotic,-1,9,Foreign constituent,unnatural,C0729652,C0522502,
2969,substantially,3,6,Significant (qualifier value),markedly,C0750502,C0522501,
2979,variceal bleeding,1,3,Esophageal varices with bleeding,bleeding varices,C0155789,C0333106,
2983,her colostomy bag,2,3,Colostomy bag,"urinary collection bag, device",C0180026,C0184222,
3015,darvocet,-1,2,dextropropoxyphene,dantrolene,C0033493,C0010976,
3016,allergies,1,3,Allergy,allergy,C3539909,C0020517,
3020,penicillin,-1,2,,propicillin,C0220892,C0072176,
3027,jvd,-1,4,Distention of jugular vein,cvd,C1167958,C0007222,
3030,distended,-1,2,Tumefaction,"distention, nos",C0038999,C0012359,
3087,an alpha1antitrypsin,3,7,Alpha-1-antitrypsin measurement (procedure),alpha 1-antitrypsin,C0201856,C0002191,
3099,the cell count,2,2,Cell count,white blood cell count - observation,C0007584,C0023508,
3123,stomach,1,2,Stomach,"stomach, nos",C3714551,C1510668,
3124,antral,1,8,Gastric antrum,antler structure,C0034193,C0003452,
3138,serologies,-1,3,Sample serology,"serologic test, nos",C0455278,C0036743,
3142,persistently,-1,5,Chronic persistent,continuous,C0332217,C0549178,
3146,persistent,3,5,Chronic persistent,continuous,C0332217,C0549178,
3147,variceal,2,4,Varicosities,"varicella, nos",C0042345,C0008049,
3149,polys,-1,2,Polymorphonuclear leukocyte count,measurement,C1271714,C0242485,
3207,a holter monitor,-1,12,Holter monitor,ambulatory electrocardiogram,C0182920,C0013799,
3260,right parietal occipital,-1,4,"Right parietal and occipital lobes, CS",right parietal lobe structure,C1267723,C0228207,
3261,left ica,-1,5,Left internal carotid artery,left coronary artery structure,C0226157,C1261082,
3273,po,-1,5,Administration of substance via oral route,"procedure, nos",C2316867,C0184661,
3303,increased thyroid,3,6,Goitre,increased thyroid hormone level,C0018021,C1295663,
3314,neurology consult,2,7,Referral to neurologist,referral to neurology service,C0586087,C0420387,
3328,l5,-1,9,Bone structure of L5,procedure,C0223552,C0184661,
3329,t11,3,13,Eleventh dorsal vertebra,t11 - t-cell lineage 11,C0459956,C0108773,
3331,epidural,-1,9,Epidural space,epidural anesthesia,C0014537,C0002913,
3341,activity,-1,3,Activity,evaluation procedure,C0441655,C1261322,
3343,potential,-1,2,Possible (qualifier value),involving,C0332149,C1314939,
3344,activity,-1,3,Activity,evaluation procedure,C0441655,C1261322,
3346,activity,-1,3,Activity,evaluation procedure,C0441655,C1261322,
3354,activity,-1,3,Activity,evaluation procedure,C0441655,C1261322,
3369,allergic,1,3,Allergy,allergy,C3539909,C0020517,
3381,his genitourinary exam,1,2,Examination of genitourinary system,genitourinary assessment,C0555350,C1828035,
3444,leftsided,1,4,Left sided (qualifier value),left,C0443246,C0205091,
3445,peripheral zone,1,7,Peripheral zone of prostate,mid-zone,C0458696,C0442003,
3453,white blood cell,2,9,Leukocyte,white blood cell count,C0023516,C0023508,
3460,leftsided lobe,-1,4,Left lobe of prostate,structure of lobe of left lung,C0227975,C1285107,
3468,further management,-1,2,Referral to medical service,referral for further care,C0583980,C0420266,
3488,confrontation,-1,8,Confrontation (visual) test,confrontation therapy,C0278240,C0204537,
3490,pinprick,-1,8,Acmesthesia,observation of pin prick sensation,C1275392,C0576675,
3492,the deep tendon reflexes,-1,3,Peripheral reflex finding,exaggeration of the deep reflexes,C1287940,C0151889,
3495,finger  nose,-1,10,Finger-to-nose test (procedure),finger-nose test,C0278158,C1285619,
3509,thyroid stimulation hormone,1,7,TSH - Thyroid stimulating hormone,thyroid stimulating hormone,C0202230,C0040160,
3515,vma,-1,2,24 hour urine vanillylmandelic acid output measurement,vma measurement,C1446137,C0202247,
3531,axis,3,8,EKG axis finding,cardiac axis,C0232294,C0429007,
3532,intervals,-1,8,"EKG wave, interval AND/OR segment",interval,C0520876,C1272706,
3533,stsegment abnormalities,-1,4,ECG: ST interval abnormal,eeg abnormality,C0438165,C0151611,
3554,aline,-1,11,Arterial line,aluline,C0003835,C1254027,
3558,secondary cause,-1,7,Secondary,"secondary disease, nos",C0175668,C0277555,
3560,secondary causes,-1,7,Secondary,"secondary disease, nos",C0175668,C0277555,
3571,hyperdensity,1,4,Increased density,hyperviscosity,C0029053,C0221104,
3583,intensive,-1,6,Strong,extensive,C0442821,C0205231,
3584,praxic problems,-1,5,[D]Apraxia,difficulty reasoning,C0003635,C0582553,
3585,consensual stimuli,-1,7,Indirect light pupillary reflex,auditory stimulus,C0234672,C0178490,
3589,arm pronator,-1,7,Pronator drift,arm implantation,C1504476,C1293232,
3594,walk was paretic,-1,3,Gait difficulty,does not walk,C0575081,C0560047,
3610,leftsided face  arm and leg weakness,-1,4,Left hemiparesis,weakness of left arm,C0457436,C2202995,
3612,chromocytoma,2,2,Phaeochromocytoma,"pheochromocytoma, nos",C0031511,C4551683,
3615,the left side,-1,3,Lateral to the left,left side,C0450414,C0205091,
3667,orthostatic dizziness,-1,5,Postural dizziness,orthostatic headache,C0234987,C0751186,
3678,spells,1,8,"Episode, NOS",dizzy spells,C0332189,C0857087,
3679,underlying,-1,2,Latent,involving,C0205275,C1314939,
3684,a chole,-1,7,Cholecystectomy (procedure),cholesterol measurement,C0008320,C0201950,
3713,jvd,-1,4,Distention of jugular vein,cvd,C1167958,C0007222,
3719,rate,-1,5,Pulse taking (procedure),rate measurement,C0034107,C0201785,
3726,the lap coli,-1,12,Laparoscopic cholecystectomy,taenia coli structure,C0162522,C0227365,
3737,earlier,-1,4,Previous (qualifier value),early,C0205156,C1279919,
3746,tm reconstruction,-1,2,Tympanoplasty (& NOS),thigh reconstruction,C0041447,C1293283,
3751,tm scarring,-1,9,Scarred tympanic membrane,procedure - therapeutic,C0262622,C0087111,
3755,rightsided arm and leg weakness,-1,4,Right hemiparesis,weakness of right arm,C0457435,C2202996,
3760,visual loss,-1,2,Visual disturbances NOS,"visual loss, nos",C0547030,C3665346,
3781,the motor tasks,-1,8,Physical activity finding,"motor testing, nos",C1268746,C0430740,
3807,psychiatry service,-1,9,Psychiatry service,"psychiatry procedure or service, nos",C0740183,C0204479,
3814,imbalance,-1,8,Balance impairment,electrolyte imbalance,C0241981,C0342579,
3819,mainly,-1,2,Principal,predominately,C0205225,C0332251,
3834,finger motility,-1,2,Finger joint - range of movement - finding,observation of musculoskeletal structure of finger,C1288190,C0575825,
3841,gait testing,1,8,Examination of gait,gait evaluation,C0558820,C0203969,
3848,process,2,3,Process (observable entity),procedure,C1522240,C0184661,
3859,acutely,-1,4,Acute phase,acute onset,C0439557,C1276802,
3883,down aposs,2,8,Down syndrome,down,C0013080,C0205104,
3894,her feet externally rotated,-1,4,Out-toeing,external rotation of lower limb,C0231792,C0457439,
3902,opening pressure,-1,10,Cerebrospinal fluid pressure,opening intravesical pressure,C0007809,C0429762,
3903,csf,-1,7,Evaluation of cerebrospinal fluid,csf - cerebrospinal fluid pressure,C2711655,C0007809,
3906,vitamin b12,2,7,Vitamin B12 measurement,vitamin b12 product,C0202252,C0042845,
3909,color,-1,6,Specimen color determination,color finding,C1294012,C1265610,
3910,turbidity,-1,6,"Turbidity test, qualitative","turbidity, nos",C0201797,C0301633,
3917,monos,-1,3,Monocyte count (procedure),measurement,C0200637,C0242485,
3920,csf rbcs,-1,8,"Red blood cell count, automated, cerebrospinal fluid",csf - cerebrospinal rhinorrhoea,C0523121,C0007815,
3921,csf white blood cells,-1,3,"White blood cell count, automated, cerebrospinal fluid",csf cell count and differential,C0523122,C0200645,
3922,csf neutrophils,-1,8,"Neutrophil count, automated, cerebrospinal fluid",csf - cerebrospinal fluid pressure,C0523120,C0007809,
3924,polys,-1,7,PMN cell,measurement,C0027950,C0242485,
3925,organisms,-1,5,Living organism,organism count,C0029235,C0369761,
3934,activities of daily living,-1,6,Finding of activity of daily living,instrumental activities of daily living,C1290910,C0150641,
3946,urinary accidents,-1,5,Urinary incontinence,urogenital injury,C0042024,C0561735,
3960,back,-1,10,Backward,"back, nos",C0439781,C1995000,
3961,ventricles,-1,7,Cerebral ventricle,"ventricle, nos",C0007799,C0018827,
3965,csf,-1,7,Evaluation of cerebrospinal fluid,csf - cerebrospinal fluid pressure,C2711655,C0007809,
3966,color,-1,6,Specimen color determination,color finding,C1294012,C1265610,
3967,csf,-1,7,Evaluation of cerebrospinal fluid,csf - cerebrospinal fluid pressure,C2711655,C0007809,
3968,turbidity,-1,6,"Turbidity test, qualitative","turbidity, nos",C0201797,C0301633,
3969,csf,-1,7,Evaluation of cerebrospinal fluid,csf - cerebrospinal fluid pressure,C2711655,C0007809,
3971,csf,-1,7,Evaluation of cerebrospinal fluid,csf - cerebrospinal fluid pressure,C2711655,C0007809,
3973,csf,-1,7,Evaluation of cerebrospinal fluid,csf - cerebrospinal fluid pressure,C2711655,C0007809,
3975,csf,-1,7,Evaluation of cerebrospinal fluid,csf - cerebrospinal fluid pressure,C2711655,C0007809,
3976,monos,-1,3,Monocyte count (procedure),measurement,C0200637,C0242485,
3977,csf,-1,7,Evaluation of cerebrospinal fluid,csf - cerebrospinal fluid pressure,C2711655,C0007809,
3979,csf,-1,7,Evaluation of cerebrospinal fluid,csf - cerebrospinal fluid pressure,C2711655,C0007809,
3981,lyme,-1,11,Lyme disease,chyme,C0024198,C0227258,
3982,capture,-1,5,Antibody capture EIA test,measurement,C0201621,C0242485,
3988,language,-1,9,Language finding,"language therapy, nos",C0566628,C0023017,
3997,a smear,1,6,Smear,taking a smear,C0444086,C3163984,
4003,allergies,1,3,Allergy,allergy,C3539909,C0020517,
4005,allergies,1,3,Allergy,allergy,C3539909,C0020517,
4014,the patient aposs allergies,1,3,Allergy,allergy,C3539909,C0020517,
4017,her reaction,4,5,Allergic reaction,patient reaction,C1527304,C0521985,
4018,penicillin,-1,2,,propicillin,C0220892,C0072176,
4027,the chest exam,-1,7,O/E - chest finding,"radiologic examination of chest, nos",C0439014,C0039985,
4065,pulmonary symptoms,2,2,Pulmonary sign AND/OR symptom,respiratory symptom findings,C0277876,C0037090,
4080,ancef,-1,5,ceFAZolin,"procedure, nos",C0007546,C0184661,
4083,albuterol inhaler,-1,16,albuterol Metered Dose Inhaler,inhaled albuterol preparation,C1967692,C0354688,
4095,senna tablets,-1,2,,senna soft pill,C3232296,C3232300,
4099,kdur,-1,4,Potassium chloride,"procedure, nos",C0032825,C0184661,
4102,robituss in ac,-1,14,codeine / guaifenesin,rutuss with hydrocodone,C0717642,C2719382,
4112,platelet,4,8,Platelet,platelet count - observation,C0005821,C0032181,
4124,admitting,-1,8,On admission,procedure,C0457453,C0184661,
4131,discharge,-1,10,At discharge,"discharge, nos",C3871203,C0012621,
4142,problematic,1,7,Problem (finding),difficult,C0033213,C0332218,
4143,her functional level,-1,9,Able to have functional level of stamina,functional assessment,C4305599,C0278372,
4153,neuropathic pain syndrome,-1,6,Neuropathy (nerve damage),neuropathic pain,C0442874,C3714625,
4177,allergic,1,3,Allergy,allergy,C3539909,C0020517,
4191,decreased temperature,1,3,Decreased skin temperature,decreased body temperature,C0232418,C0020672,
4193,pinprick sensation,-1,2,Acmesthesia,pin prick sensation,C1275392,C0423557,
4203,serum glucose,2,9,"Glucose measurement, serum (procedure)",serum glucose level,C0202041,C0583332,
4208,an inr,-1,4,Calculation of international normalized ratio,"procedure, nos",C1254541,C0184661,
4221,recurrence,2,9,Recurrence (qualifier value),"recurrent disease, nos",C0034897,C0277556,
4237,ferromagnetic intracardiac pacing device,-1,3,Cardiac pacemaker,magnetocardiography device,C0030163,C3873912,
4241,pharmacological regimen,2,2,Drug therapy,therapeutic regimen,C0013216,C1276413,
4246,dural avm,-1,2,Dural arteriovenous malformation,avm - cerebral arteriovenous malformation,C0266495,C0917804,
4248,c1  c2,-1,14,Lateral atlantoaxial joint,c1 c2 x-ray,C0224585,C0411956,
4249,c1 to c2,-1,14,Lateral atlantoaxial joint,c1-c2 left lateral,C0224585,C0442200,
4250,dural avm,-1,2,Dural arteriovenous malformation,avm - cerebral arteriovenous malformation,C0266495,C0917804,
4256,c12 level,-1,11,Lateral atlantoaxial joint,vitamin b12 measurement,C0224585,C0202252,
4284,bot legs,-1,6,Both lower extremities,horse bots,C0230420,C0277390,
4289,reduction,4,7,Reduced (qualifier value),reduction procedure,C0392756,C1293152,
4290,motor power,-1,7,Finding of power of skeletal muscle,"motor testing, nos",C0427052,C0430740,
4302,propioception,-1,4,Finding of position sense,contraception,C0576686,C0700589,
4308,missing,-1,4,Absence of,incomplete,C0332197,C0205257,
4309,craniocervical junction,-1,13,Structure of atlantoaxial joint (body structure),craniocervical junction x-ray,C0004168,C0411956,
4316,compressive,1,9,Compression,compressing,C0332459,C0332260,
4324,recurrence,2,9,Recurrence (qualifier value),"recurrent disease, nos",C0034897,C0277556,
4356,a cd4 count,-1,2,CD4 percent count,cd - cluster of differentiation antigen count,C1277791,C1269626,
4396,pcp,-1,6,Pulmonary pneumocystosis,pcp measurement,C1535939,C0202445,
4405,his liver abnormalities,2,2,Abnormal hepatic function,"liver disease, nos",C0086565,C0023895,
4409,titers,4,8,Antibody titre measurement,titre,C0474643,C0475208,
4410,cmv,-1,12,Salivary gland virus,cmv - controlled mandatory ventilation,C0010825,C0419012,
4411,epsteinbarr virus,-1,12,Human herpesvirus 4,epstein-barr virus disease,C0014644,C0149678,
4412,a titer,-1,8,Antibody titre measurement,titer,C0474643,C0475208,
4413,toxoplasma,-1,9,Genus: Toxoplasma,toxoplasma polymerase chain reaction,C0040556,C1275846,
4429,hepatitis c virus serologies,-1,6,Anti HCV measurement,viral hepatitis screening test,C0201487,C1445958,
4439,a toluidine blue,1,7,Toluidine blue O stain,toluidine blue,C0523203,C0040380,
4442,pips,-1,11,Maximum inspiratory pressure,vip measurement,C0232021,C0202248,
4443,baratroma,1,7,Accident due to extremes of atmospheric pressure and to sudden changes in atmospheric pressure,zithromax,C0004760,C0678143,
4463,pcp,-1,6,Pulmonary pneumocystosis,pcp measurement,C1535939,C0202445,
4466,toluidine blue study,1,7,Toluidine blue O stain,toluidine blue,C0523203,C0040380,
4476,anergic,-1,3,Clonal anergy,allergy,C0206120,C0020517,
4477,ppd,1,6,Tuberculin purified protein derivative,ppd - pervasive developmental disorder,C0034131,C0524528,
4485,yellowish,4,8,Yellow colour,yellowish pigmentation,C0221205,C0333628,
4491,process,2,3,Process (observable entity),procedure,C1522240,C0184661,
4498,facemask,-1,2,Oxygen mask,anaesthetic face mask,C0181744,C0573976,
4501,herpes simplex virus,-1,8,Herpes simplex virus culture,"herpes simplex, nos",C1294252,C0019348,
4507,ventilatory pressures,-1,10,Ventilator generated pressure,taking respiratory rate,C0428738,C1443397,
4509,i to e,-1,6,I/E - Inspiration/expiration ratio,"procedure, nos",C0428689,C0184661,
4510,reverse,-1,8,Reverse airflow,reverse i:e ratio,C0232008,C0559296,
4511,ventilation,-1,7,Ventilation assistance,"ventilation, nos",C0554804,C2945579,
4513,ventilation,-1,7,Ventilation assistance,"ventilation, nos",C0554804,C2945579,
4518,pulmonary status,1,6,Pulmonary function (observable entity),lung status,C0231921,C0449930,
4520,nstemi,3,10,Acute non-ST segment elevation myocardial infarction,mri - magnetic resonance imaging,C1276061,C0024485,
4523,multivitamin therapeutic  therapeutic multivi,1,10,Multivitamin preparations,"multivitamin, multimineral supplement therapy",C0301532,C3661835,
4533,tube feeds,1,9,Gavage,tube feeding diet,C0041281,C0311131,
4536,serevent diskus  salmeterol diskus,-1,9,Salmeterol xinafoate,salmeterol metered dose inhaler [serevent],C0245531,C4745792,
4548,nstemi,3,10,Acute non-ST segment elevation myocardial infarction,mri - magnetic resonance imaging,C1276061,C0024485,
4549,severe copd,-1,7,Severe chronic obstructive pulmonary disease,severe depression,C0730607,C0588008,
4552,benzos,-1,4,Benzodiazepine-containing product,benzoin - chemical,C4048284,C0005070,
4554,a demand ischemic episode,2,7,Ischemia co-occurrent and due to increased oxygen demand,myocardial infarction due to demand ischemia,C4049375,C4521180,
4557,nstemi,3,10,Acute non-ST segment elevation myocardial infarction,mri - magnetic resonance imaging,C1276061,C0024485,
4561,n,-1,4,Nauseated,"procedure, nos",C0027497,C0184661,
4562,d,-1,5,Diarrhoea,procedure,C0011991,C0184661,
4568,lee,-1,4,Oedema of lower extremity,procedure,C0239340,C0184661,
4580,scalenes,-1,13,Structure of scalene muscle,"scale, device",C4075305,C0175659,
4584,a nstemi,-1,10,Acute non-ST segment elevation myocardial infarction,mri - magnetic resonance imaging,C1276061,C0024485,
4589,enzyme leak,-1,7,High enzyme level in serum,enzyme measurement,C0476322,C0014440,
4592,asa,-1,9,Acetylsalicylic acid,asanoa,C0004057,C1217358,
4594,exacerbation,-1,2,Acute exacerbation of chronic obstructive airways disease,exacerbation of asthma,C0340044,C0349790,
4598,flovent inh,-1,8,Flovent Inhalant Product,fh: glaucoma,C3223929,C0455397,
4599,serevent inh,3,8,Serevent Inhalant Product,inh measurement,C3234607,C0202396,
4602,mvi,-1,4,Multivitamin preparations,"procedure, nos",C0301532,C0184661,
4608,attending,-1,12,Attending physician,attended,C1320929,C1456498,
4620,v,-1,3,[D]Emesis,procedure,C0042963,C0184661,
4624,bibasilar,-1,5,Base of lung,bifrontal,C0225704,C0445448,
4631,neb,-1,2,Administration of medication using nebulizer mask,"procedure, nos",C2919541,C0184661,
4634,neb,-1,2,Administration of medication using nebulizer mask,"procedure, nos",C2919541,C0184661,
4636,neb,-1,2,Administration of medication using nebulizer mask,"procedure, nos",C2919541,C0184661,
4638,ppi,-1,4,Proton pump inhibitor,"procedure, nos",C0358591,C0184661,
4640,o2,-1,4,Oxygen therapy care,oximetry,C0184633,C0523807,
4641,antibiocis,-1,10,Antibiotic (product),lysobacter antibioticus,C0003232,C1036750,
4645,atrovent inhaler,1,2,Atrovent Inhalant Product,atrovent autohaler,C3227604,C1254238,
4647,steroid psychosis,-1,7,Drug psychosis NOS,steroid purpura,C0033937,C0272312,
4649,troponin,-1,9,Troponin (substance),troponin measurement,C0041199,C0523952,
4650,troponin leak,-1,6,Raised cardiac enzyme or marker,troponin measurement,C1320646,C0523952,
4651,troponin,-1,9,Troponin (substance),troponin measurement,C0041199,C0523952,
4652,mb,-1,12,Creatine kinase MB isoenzyme,creatine kinase mb measurement,C0010290,C0523584,
4655,cardiac troponin leak,4,6,Raised cardiac enzyme or marker,troponin measurement,C1320646,C0523952,
4656,cardiac troponin,-1,9,Troponin (substance),"troponin measurement, nos",C0041199,C0523952,
4658,500 mg elemental ca,3,2,calcium carbonate 500 MG,calcium carbonate 500 mg [cal gest],C0984386,C2920633,
4660,mb leak,-1,8,Raised cardiac enzyme or marker,creatine kinase mb measurement,C1320646,C0523584,
4672,non st elevation mi,-1,11,History of non-ST segment elevation myocardial infarction,acute non-st segment elevation myocardial infarction,C3698570,C1276061,
4677,a non st elevation mi,-1,11,History of non-ST segment elevation myocardial infarction,acute non-st segment elevation myocardial infarction,C3698570,C1276061,
4678,a cath,-1,6,Catheterisation,"cathartic, nos",C0007430,C0007422,
4679,a 40 rca,-1,13,Right coronary artery occlusion,rca - right coronary artery,C1290385,C0226042,
4680,hazy,-1,8,Vague,hemoglobin high,C0205408,C0549448,
4681,an ivus,-1,10,Intravascular US scan,ivus device,C0412530,C1269810,
4682,a vision stent,-1,10,Coronary artery stent,stent placement,C0687568,C0522776,
4685,radiation to the left shoulder,-1,11,Pain radiating to left shoulder,microwave therapy to shoulder,C1960984,C0584744,
4691,the script,-1,7,Prescription (procedure),script analysis,C0033080,C0204516,
4693,painfree,1,7,Pain absent,painless,C0234225,C0234226,
4698,a drip,1,8,Infusion of drug or medicament via intravenous drip,intravenous drip fluid,C2316391,C0460104,
4703,further cardiac care,3,3,Referral to cardiology service,referral for further care,C0420385,C0420266,
4715,cath,-1,5,Catheterisation,"ph measurement, nos",C0007430,C0202165,
4719,lower extremity study,1,2,Imaging of lower limb,measurement of lower extremity,C4274915,C1828138,
4720,pulmonary consult,-1,11,Referral to respiratory physician,preoperative pulmonary examination,C0584132,C2919752,
4723,a ct scan with contrast,4,4,CT with intravenous contrast,computed tomography of heart with contrast,C0202653,C3525305,
4735,an ef,-1,5,Cardiac ejection fraction,involving,C0232174,C1314939,
4737,la dilatation,-1,7,Left atrial dilatation,dilatation,C0344720,C0012359,
4746,hypopnea index,1,7,Apnoea Hypopnoea Index,apnea hypopnea index,C4083070,C2111846,
4748,obstruction to airflow,-1,4,Finding of respiratory obstruction,"airway obstruction, nos",C0577935,C0001883,
4755,lung sounds,-1,2,Respiratory auscultation finding,respiratory sounds - finding,C1291005,C1287665,
4781,a ppi,-1,4,Proton pump inhibitor,"procedure, nos",C0358591,C0184661,
4787,medication for antianxiety,-1,8,Anxiolytic agent,anxiolytic drug therapy,C0040616,C4509951,
4802,further gi testing,-1,3,Referral to gastroenterology service,referral for further care,C0420389,C0420266,
4828,part 1,-1,8,Phase 1,part structure,C0439559,C0442052,
4829,ptc stenting,-1,3,Percutaneous transluminal balloon angioplasty with insertion of stent into coronary artery,stent placement,C1998026,C0522776,
4832,bolus,1,5,Administration of intravenous fluid bolus,single bolus,C2317227,C1301654,
4844,angioseal,-1,7,Reparative closure using a device,"angiotensin, nos",C1827380,C0003018,
4848,formal,-1,4,Documented (qualifier value),arbitrary,C1301725,C1264693,
4852,vasal,-1,6,Blood vessel,panasal,C0005847,C0722446,
4857,wallmotion abnormality,-1,6,Left ventricular wall motion abnormality,disorder of body wall,C1997551,C1302763,
4858,mean,1,6,Mean,mean pressure,C0444504,C0445074,
4863,obstructive events,-1,8,Obstructive sleep apnea,"obstruction, nos",C0520679,C0028778,
4865,bedside,-1,14,Bed area,bedside testing,C0558274,C0282662,
4881,kdur,-1,4,Potassium chloride,"procedure, nos",C0032825,C0184661,
4886,parloder,-1,10,Bromocryptine,rosaderm,C0006230,C2927342,
4888,further therapy,-1,2,Referral to medical service,referral for further care,C0583980,C0420266,
4896,a permanent pacemaker implantation,2,11,Permanent cardiac pacemaker procedure,"permanent cardiac pacemaker, device",C0397438,C1828453,
4921,lateral myocardial infarction,1,4,Acute myocardial infarction of lateral wall,old lateral myocardial infarction,C0340311,C0340322,
4925,balloon angioplasty,2,2,Angioplasty of artery,percutaneous balloon angioplasty,C0397654,C0411287,
4932,further rehabilitation therapy,1,2,Referral to rehabilitation service,referral for further care,C0585242,C0420266,
4937,anterolateral wall,1,9,Myocardium of anterolateral region,anterior chest wall structure,C0225907,C0230132,
4954,cine,3,7,Cine imaging - action,cine study,C1283198,C0444719,
4981,relook,-1,9,Repeated,rebound tenderness,C0205341,C0234246,
5013,chest exam,-1,7,O/E - chest finding,"chest x-ray, nos",C0439014,C0039985,
5017,a flat jugular venous pressure,1,2,Decreased jugular venous pressure,raised jugular venous pressure,C0520862,C0520861,
5036,diffuse interstitial process,3,2,Interstitial lung disease,diffuse interstitial pulmonary fibrosis,C0206062,C0085786,
5039,pcp,-1,6,Pulmonary pneumocystosis,pcp measurement,C1535939,C0202445,
5040,his ppd,-1,13,Purified protein derivative T-cell stimulation,ppd - pervasive developmental disorder,C0430316,C0524528,
5041,ppd,-1,13,Purified protein derivative T-cell stimulation,ppd - pervasive developmental disorder,C0430316,C0524528,
5046,pcp,-1,6,Pulmonary pneumocystosis,pcp measurement,C1535939,C0202445,
5052,hiv,-1,11,AIDS virus,hiv - human immunodeficiency virus infection,C0019682,C0019693,
5065,hepatitis serologies,-1,6,Hepatitis panel measurement,viral hepatitis screening test,C0201471,C1445958,
5082,bibasilar,-1,5,Base of lung,bifrontal,C0225704,C0445448,
5085,bibasilar,-1,5,Base of lung,bifrontal,C0225704,C0445448,
5098,pcp,-1,6,Pulmonary pneumocystosis,pcp measurement,C1535939,C0202445,
5110,further management,-1,2,Referral to medical service,referral for further care,C0583980,C0420266,
5151,allergies,1,3,Allergy,allergy,C3539909,C0020517,
5153,nitropaste,-1,2,nitroglycerin Topical Ointment [Nitrol],potassium nitrate toothpaste product,C0306997,C3466288,
5168,chest examination,3,7,O/E - chest finding,"chest x-ray, nos",C0439014,C0039985,
5194,inr,-1,4,Calculation of international normalized ratio,"procedure, nos",C1254541,C0184661,
5229,crisis treatment,4,5,Management of crisis therapy,crisis therapy,C1443432,C0010332,
5238,nitroglycerin paste,-1,9,nitroglycerin Topical Ointment [Nitrol],nitroglycerin product,C0306997,C0017887,
5240,senna tablets,-1,2,,senna soft pill,C3232296,C3232300,
5250,persistent,3,5,Chronic persistent,continuous,C0332217,C0549178,
5265,isocoric,-1,10,Pupils equal,isocitrate measurement,C0578617,C1295165,
5270,basilar,-1,7,Base of lung,"basilar artery, nos",C0225704,C0004811,
5273,left sternal border,3,5,Left lateral border of body of sternum,lower sternal border region,C0222777,C1268245,
5275,traced,-1,4,Trace,documented,C0442822,C1301725,
5286,detrusor,3,14,Detrusor muscle of urinary bladder,detrusor pressure,C1288327,C0429766,
5295,electrolyte,-1,6,Electrolyte levels - finding,electrolytes measurement,C0428284,C0201992,
5299,niferex 150 milligrams,-1,2,Niferex-150,niferex-150 pill,C0212018,C3237722,
